Workbook
Name _TMP_C1: #REF!
Name A: #REF!
Name cause: #REF!
Name Comments: #REF!
Name DD: #REF!
Name Ltst_TestLog: "'Test log'"
Name Severity: #REF!
Name State_of_Origin: #REF!
Name Tablelayout: #REF!
Name West_visit_cnt: #REF!
Name ㅁ: #REF!
Name 분류: #REF!
Name 분류: #REF!

Sheet 표지
M4: WMS 구축 프로젝트
M7: 공통코드정의서

Sheet 개정이력
A1: 개 정 이 력
A3: 버전 | B3: 개정범위 | C3: 내용 | D3: 작성자 | E3: 일자
A4: v1.0 | B4: 최초작성 | C4: 초안 작성 | D4: 이택 | E4: 2026.01.01

Sheet 3.코드그룹
A2: 공통코드정의서
A3: 시스템명 | C3: WMS | D3: 서브시스템명
A4: 단계명 | C4: 구현 | D4: 작성일자 | E4: 46150 | F4: 버전 | I4: v2.0
A6: ■ 코드그룹
A7: 사업장 | B7: 그룹코드 | C7: 코드그룹명 | D7: 코드설명 | G7: 사용자코드 여부 | H7: 수불_유형_여부 | I7: 비고
A8: 1 | B8: AD_PROD_STS_CD | C8: 재고조정_품목_상태코드 | G8: N
A9: 1 | B9: AD_STS_CD | C9: 재고조정_상태_코드 | G9: N
A10: 1 | B10: AD_TYPE_CD | C10: 재고조정_유형 | G10: N | H10: AD
A11: 1 | B11: AUTH_TYPE_CD | C11: 권한_유형_코드 | G11: N
A12: 1 | B12: AVAILABLE_INVEN_YN | C12: 가용재고_여부 | G12: N
A13: 1 | B13: BARCODE_DIM_CD | C13: 바코드_차원_코드 | G13: N
A14: 1 | B14: BARCODE_TYPE_CD | C14: 바코드_유형_코드 | G14: N
A15: 1 | B15: BIZ_DIV_CD | C15: 사업장_구분 | G15: N
A16: 1 | B16: BOARD_CAT_CD | C16: 게시판_카테고리_코드 | G16: N
A17: 1 | B17: BOX_TYPE_CD | C17: 박스유형 | G17: N
A18: 1 | B18: CAR_DIV_CD | C18: 차량구분 | G18: N
A19: 1 | B19: CAR_TYPE_CD | C19: 차량유형 | G19: N
A20: 1 | B20: CFD_CD | C20: 냉장냉동상온_코드(창고) | G20: N
A21: 1 | B21: CFM_YN | C21: 확정여부 | G21: N
A22: 1 | B22: CONT_DIV_CD | C22: 거래처_구분_코드 | G22: N
... A43: 1 | B43: INWH_STS_CD | C43: 입고_상태_코드 | G43: N
A44: 1 | B44: INWH_TYPE_CD | C44: 입고_유형_코드 | G44: N | H44: IW
A45: 1 | B45: LABEL_PAPER_DIV_CD | C45: 용지_구분_코드 | G45: N
A46: 1 | B46: LABEL_PAPER_TYPE_CD | C46: 용지_유형_코드 | G46: N
A47: 1 | B47: LARGE_CD | C47: 품목_대분류_코드 | G47: Y
A48: 1 | B48: LOAD_PROD_STS_CD | C48: 상차_품목_상태_코드 | G48: N
A49: 1 | B49: LOAD_STS_CD | C49: 상차_상태_코드 | G49: N
A50: 1 | B50: LOC_MNG_CD | C50: 위치_담당자_코드 | G50: Y
A51: 1 | B51: LOCK_YN | C51: 잠금_여부 | G51: N
A52: 1 | B52: LOG_CONN_TYPE_CD | C52: 로그_접근_유형_코드 | G52: N
A53: 1 | B53: MENU_TYPE_CD | C53: 메뉴_유형_코드 | G53: N
A54: 1 | B54: MIDDLE_CD | C54: 품목_중분류_코드 | G54: Y
A55: 1 | B55: MV_PROD_STS_CD | C55: 재고이동_품목_상태_코드 | G55: N
A56: 1 | B56: MV_STS_CD | C56: 재고이동_상태_코드 | G56: N
A57: 1 | B57: MV_TYPE_CD | C57: 재고이동_유형 | G57: N | H57: IM
A58: 1 | B58: ORDER_TYPE_CD | C58: 주문_유형_코드 | G58: N
A59: 1 | B59: ORIGIN_CD | C59: 원산지_코드 | G59: N
A60: 1 | B60: OUTBIZ_PROC_TYPE_CD | C60: 출하_처리_타입_코드 | G60: N
A61: 1 | B61: OUTBIZ_PROD_STS_CD | C61: 출하_품목_상태_코드 | G61: N
A62: 1 | B62: OUTBIZ_STS_CD | C62: 출하_상태_코드 | G62: N
A63: 1 | B63: OUTBIZ_TYPE_CD | C63: 출하_유형_코드 | G63: N | H63: OB
A64: 1 | B64: OUTWH_DIV_CD | C64: 피킹_편집_코드 | G64: N
A65: 1 | B65: OUTWH_PROC_TYPE_CD | C65: 출고_처리_유형_코드 | G65: N
A66: 1 | B66: OUTWH_PROD_STS_CD | C66: 출고_품목_상태_코드 | G66: N
A67: 1 | B67: OUTWH_STS_CD | C67: 출고_상태_코드 | G67: N
A68: 1 | B68: OUTWH_TYPE_CD | C68: 출고_유형_코드 | G68: N | H68: OW
A69: 1 | B69: PLT_MV_TYPE_CD | C69: 파렛트_이동_유형_코드 | G69: N
A70: 1 | B70: PROC_API_CD | C70: 처리_API | G70: N
A71: 1 | B71: PROD_DIV_CD | C71: 품목_분류_코드 | G71: N
A72: 1 | B72: PROMOTION_TYPE_CD | C72: 프로모션_유형_코드 | G72: N
A73: 1 | B73: PUSH_CYCLE_CD | C73: 알림_주기_코드 | G73: N
A74: 1 | B74: PUSH_TYPE_CD | C74: 알림_유형_코드 | G74: Y
A75: 1 | B75: REG_API_CD | C75: 등록_API | G75: N
A76: 1 | B76: REP_CONT_CD | C76: 대표_업체_코드 | G76: Y
A77: 1 | B77: RETURN_PROD_STS_CD | C77: 반품_품목_상태_코드 | G77: N
A78: 1 | B78: RETURN_STS_CD | C78: 반품_상태_코드 | G78: N
A79: 1 | B79: RETURN_TYPE_CD | C79: 반품_유형_코드 | G79: N | H79: RT
A80: 1 | B80: ROW_CD | C80: 단_코드 | G80: N
A81: 1 | B81: SC_TYPE_CD | C81: SKU변경_유형 | G81: N | H81: SC
A82: 1 | B82: SKU_MNG_CD | C82: SKU_관리코드 | G82: N
A83: 1 | B83: SMALL_CD | C83: 품목_소분류 | G83: Y
A84: 1 | B84: ST_ORDER_PROD_STS_CD | C84: 세트_요청_품목_상태_코드 | G84: N
A85: 1 | B85: ST_ORDER_STS_CD | C85: 세트_요청_상태_코드 | G85: N
A86: 1 | B86: ST_ORDER_TYPE_CD | C86: 세트_요청_유형_코드 | G86: N
A87: 1 | B87: ST_PROD_STS_CD | C87: 세트_품목_상태_코드 | G87: N
A88: 1 | B88: ST_SCH_STS_CD | C88: 재고실사_상태_코드 | G88: N
A89: 1 | B89: ST_STS_CD | C89: 세트_상태_코드 | G89: N
A90: 1 | B90: ST_TARGET_CD | C90: 재고실사_대상코드 | G90: N
A91: 1 | B91: ST_TYPE_CD | C91: 세트_유형_코드 | G91: N | H91: ST
A92: 1 | B92: STRNG_ASGN_YN | C92: 지정유형 | G92: N
A93: 1 | B93: TARGET_TYPE_CD | C93: 대상_구분_코드 | G93: N
A94: 1 | B94: TC_TYPE_CD | C94: 상태변경_유형_코드 | G94: N | H94: TC
A95: 1 | B95: UI_TYPE_CD | C95: UI_타입_코드 | G95: N
A96: 1 | B96: UNIT_CD | C96: 재고단위 | G96: N
A97: 1 | B97: USE_YN | C97: 사용_여부 | G97: N
A98: 1 | B98: WES_API_CD | C98: WES_API | G98: N
A99: 1 | B99: WGT_CD | C99: 중량_코드 | G99: N
A100: 1 | B100: WH_GROUP_CD | C100: 창고_그룹_코드 | G100: N

Sheet 4.상세코드
A1: ■ 상세코드
A2: 사업장 | B2: 그룹코드 | C2: 코드 | D2: 코드명 | E2: 참조상위코드 | F2: 참조코드 | G2: 순서 | H2: 표시여부 | I2: 사용여부
A3: BIZ_SEQ | B3: COMM_H_CD | C3: COMM_D_CD | D3: COMM_D_NM | E3: REF_H_CD | F3: REF_D_CD | G3: DISP_IDX | H3: DISP_YN | I3: USE_YN
A4: 1 | B4: AD_PROD_STS_CD | C4: 11 | D4: 예정 | G4: 1 | H4: Y | I4: Y
A5: 1 | B5: AD_PROD_STS_CD | C5: 55 | D5: 처리중 | G5: 2 | H5: Y | I5: Y
A6: 1 | B6: AD_PROD_STS_CD | C6: 77 | D6: 확정 | G6: 3 | H6: Y | I6: Y
A7: 1 | B7: AD_STS_CD | C7: 11 | D7: 예정 | G7: 1 | H7: Y | I7: Y
A8: 1 | B8: AD_STS_CD | C8: 55 | D8: 처리중 | G8: 2 | H8: Y | I8: Y
A9: 1 | B9: AD_STS_CD | C9: 77 | D9: 확정 | G9: 3 | H9: Y | I9: Y
A10: 1 | B10: AD_TYPE_CD | C10: AD01 | D10: 실사조정 | E10: INOUT_TYPE_CD | F10: AD | G10: 1 | H10: Y | I10: Y
A11: 1 | B11: AD_TYPE_CD | C11: AD91 | D11: 기타조정 | E11: INOUT_TYPE_CD | F11: AD | G11: 2 | H11: Y | I11: Y
A12: 1 | B12: AD_TYPE_CD | C12: AD99 | D12: 기초조정 | E12: INOUT_TYPE_CD | F12: AD | G12: 3 | H12: Y | I12: Y
A13: 1 | B13: AUTH_TYPE_CD | C13: S | D13: 관리자 | G13: 1 | H13: Y | I13: Y
A14: 1 | B14: AUTH_TYPE_CD | C14: B | D14: 사업장 | G14: 2 | H14: Y | I14: Y
A15: 1 | B15: AUTH_TYPE_CD | C15: C | D15: 센터 | G15: 3 | H15: Y | I15: Y
A16: 1 | B16: AVAILABLE_INVEN_YN | C16: Y | D16: 가용 | G16: 1 | H16: Y | I16: Y
A17: 1 | B17: AVAILABLE_INVEN_YN | C17: N | D17: 비가용 | G17: 2 | H17: Y | I17: Y
A18: 1 | B18: BARCODE_DIM_CD | C18: 1D | D18: 1D | G18: 1 | H18: Y | I18: Y
A19: 1 | B19: BARCODE_DIM_CD | C19: 2D | D19: 2D | G19: 2 | H19: Y | I19: Y
A20: 1 | B20: BARCODE_DIM_CD | C20: - | D20: 사용안함 | G20: 3 | H20: Y | I20: Y
A21: 1 | B21: BARCODE_TYPE_CD | C21: 2048 | D21: QR_CODE | E21: BARCODE_DIM_CD | F21: 2D | G21: 1 | H21: Y | I21: Y
A22: 1 | B22: BARCODE_TYPE_CD | C22: 16 | D22: CODE_128 | E22: BARCODE_DIM_CD | F22: 1D | G22: 2 | H22: Y | I22: Y
A23: 1 | B23: BARCODE_TYPE_CD | C23: 32 | D23: DATA_MATRIX | E23: BARCODE_DIM_CD | F23: 2D | G23: 3 | H23: Y | I23: Y
A24: 1 | B24: BIZ_DIV_CD | C24: OWN | D24: 자사물류 | G24: 1 | H24: Y | I24: Y
A25: 1 | B25: BIZ_DIV_CD | C25: TPL | D25: 물류대행 | G25: 2 | H25: Y | I25: Y
A26: 1 | B26: BIZ_DIV_CD | C26: SHIPPER | D26: 화주 | G26: 3 | H26: Y | I26: Y
A27: 1 | B27: BOARD_CAT_CD | C27: 1 | D27: 사용문의 | G27: 1 | H27: Y | I27: Y
A28: 1 | B28: BOARD_CAT_CD | C28: 2 | D28: 요금문의 | G28: 2 | H28: Y | I28: Y
A29: 1 | B29: BOARD_CAT_CD | C29: 3 | D29: 라벨용지 | G29: 3 | H29: Y | I29: Y
A30: 1 | B30: BOX_TYPE_CD | C30: 01 | D30: 극소 | G30: 1 | H30: Y | I30: Y
A31: 1 | B31: BOX_TYPE_CD | C31: 02 | D31: 소 | G31: 2 | H31: Y | I31: Y
A32: 1 | B32: BOX_TYPE_CD | C32: 03 | D32: 중 | G32: 3 | H32: Y | I32: Y
A33: 1 | B33: BOX_TYPE_CD | C33: 04 | D33: 대 | G33: 4 | H33: Y | I33: Y
A34: 1 | B34: BOX_TYPE_CD | C34: 05 | D34: 특대 | G34: 5 | H34: Y | I34: Y
A35: 1 | B35: BOX_TYPE_CD | C35: 06 | D35: 취급제한 | G35: 6 | H35: Y | I35: Y
... A180: 1 | B180: INWH_STS_CD | C180: 77 | D180: 확정 | G180: 3 | H180: Y | I180: Y
A181: 1 | B181: INWH_TYPE_CD | C181: IW01 | D181: 구매입고 | E181: INOUT_TYPE_CD | F181: IW | G181: 1 | H181: Y | I181: Y
A182: 1 | B182: INWH_TYPE_CD | C182: IW51 | D182: 예외입고 | E182: INOUT_TYPE_CD | F182: IW | G182: 2 | H182: Y | I182: Y
A183: 1 | B183: INWH_TYPE_CD | C183: IW91 | D183: 기타입고 | E183: INOUT_TYPE_CD | F183: IW | G183: 3 | H183: Y | I183: Y
A184: 1 | B184: LABEL_PAPER_DIV_CD | C184: SL | D184: SKU라벨 | G184: 1 | H184: Y | I184: Y
A185: 1 | B185: LABEL_PAPER_DIV_CD | C185: PL | D185: 파렛트라벨 | G185: 2 | H185: Y | I185: Y
A186: 1 | B186: LABEL_PAPER_DIV_CD | C186: OL | D186: 출하라벨 | G186: 3 | H186: Y | I186: Y
A187: 1 | B187: LABEL_PAPER_DIV_CD | C187: LL | D187: 위치라벨 | G187: 4 | H187: Y | I187: Y
A188: 1 | B188: LABEL_PAPER_DIV_CD | C188: DL | D188: 명세서 | G188: 5 | H188: Y | I188: Y
A189: 1 | B189: LABEL_PAPER_DIV_CD | C189: IV | D189: 송장 | G189: 6 | H189: Y | I189: Y
A190: 1 | B190: LABEL_PAPER_TYPE_CD | C190: LOTTEMART | D190: 롯데마트 | E190: LABEL_PAPER_DIV_CD | F190: OL | G190: 1 | H190: Y | I190: Y
A191: 1 | B191: LABEL_PAPER_TYPE_CD | C191: SD | D191: SKU_기본타입 | E191: LABEL_PAPER_DIV_CD | F191: SL | G191: 2 | H191: Y | I191: Y
A192: 1 | B192: LABEL_PAPER_TYPE_CD | C192: PN | D192: 품목(품목번호) | E192: LABEL_PAPER_DIV_CD | F192: IL | G192: 3 | H192: Y | I192: Y
A193: 1 | B193: LABEL_PAPER_TYPE_CD | C193: PG | D193: 상품(유통표준코드) | E193: LABEL_PAPER_DIV_CD | F193: IL | G193: 4 | H193: Y | I193: Y
A194: 1 | B194: LABEL_PAPER_TYPE_CD | C194: COUPANG | D194: 쿠팡 | E194: LABEL_PAPER_DIV_CD | F194: OL | G194: 5 | H194: Y | I194: Y
A195: 1 | B195: LABEL_PAPER_TYPE_CD | C195: PB | D195: 박스(유통표준코드) | E195: LABEL_PAPER_DIV_CD | F195: IL | G195: 6 | H195: Y | I195: Y
A196: 1 | B196: LABEL_PAPER_TYPE_CD | C196: EMART | D196: 이마트 | E196: LABEL_PAPER_DIV_CD | F196: OL | G196: 7 | H196: Y | I196: Y
A197: 1 | B197: LABEL_PAPER_TYPE_CD | C197: S3 | D197: SKU_타입3 | E197: LABEL_PAPER_DIV_CD | F197: SL | G197: 8 | H197: Y | I197: Y
A198: 1 | B198: LABEL_PAPER_TYPE_CD | C198: S1 | D198: SKU_타입1 | E198: LABEL_PAPER_DIV_CD | F198: SL | G198: 9 | H198: Y | I198: Y
A199: 1 | B199: LABEL_PAPER_TYPE_CD | C199: GS_SUPER | D199: 지에스슈퍼 | E199: LABEL_PAPER_DIV_CD | F199: OL | G199: 10 | H199: Y | I199: Y
A200: 1 | B200: LABEL_PAPER_TYPE_CD | C200: S2 | D200: SKU_타입2 | E200: LABEL_PAPER_DIV_CD | F200: SL | G200: 11 | H200: Y | I200: Y
A201: 1 | B201: LABEL_PAPER_TYPE_CD | C201: PD | D201: 파렛트_기본타입 | E201: LABEL_PAPER_DIV_CD | F201: PL | G201: 12 | H201: Y | I201: Y
... A215: 1 | B215: LABEL_PAPER_TYPE_CD | C215: LD | D215: 상차지시서 | E215: LABEL_PAPER_DIV_CD | F215: DL | G215: 26 | H215: Y | I215: Y
A216: 1 | B216: LARGE_CD | C216: 07 | D216: HOBBY | G216: 1 | H216: Y | I216: Y
A217: 1 | B217: LARGE_CD | C217: 15 | D217: HOBBY(AS) | G217: 2 | H217: Y | I217: Y
A218: 1 | B218: LARGE_CD | C218: 13 | D218: COLLECTORS | G218: 3 | H218: Y | I218: Y
A219: 1 | B219: LARGE_CD | C219: 01 | D219: CANDY TOY | G219: 4 | H219: Y | I219: Y
A220: 1 | B220: LARGE_CD | C220: 02 | D220: CAPSULE | G220: 5 | H220: Y | I220: Y
A221: 1 | B221: LARGE_CD | C221: 18 | D221: LIFE | G221: 6 | H221: Y | I221: Y
A222: 1 | B222: LARGE_CD | C222: 17 | D222: BANPRESTO | G222: 7 | H222: N | I222: N
A223: 1 | B223: LARGE_CD | C223: 14 | D223: SHOP | G223: 8 | H223: Y | I223: Y
A224: 1 | B224: LARGE_CD | C224: 10 | D224: TOY | G224: 9 | H224: Y | I224: Y
A225: 1 | B225: LARGE_CD | C225: 20 | D225: NBC TOY | G225: 10 | H225: Y | I225: Y
A226: 1 | B226: LARGE_CD | C226: 09 | D226: SAMPLE | G226: 11 | H226: Y | I226: Y
A227: 1 | B227: LARGE_CD | C227: 21 | D227: CARD | G227: 12 | H227: Y | I227: Y
... A262: 1 | B262: MENU_TYPE_CD | C262: MN | D262: 메뉴 | G262: 2 | H262: Y | I262: Y
A263: 1 | B263: MIDDLE_CD | C263: 01-01 | D263: CVS | E263: LARGE_CD | F263: 01 | G263: 1 | H263: Y | I263: Y
A264: 1 | B264: MIDDLE_CD | C264: 01-02 | D264: SHOP | E264: LARGE_CD | F264: 01 | G264: 1 | H264: Y | I264: Y
A265: 1 | B265: MIDDLE_CD | C265: 01-03 | D265: 7,500 | E265: LARGE_CD | F265: 01 | G265: 1 | H265: Y | I265: Y
A266: 1 | B266: MIDDLE_CD | C266: 01-04 | D266: MA | E266: LARGE_CD | F266: 01 | G266: 1 | H266: Y | I266: Y
A267: 1 | B267: MIDDLE_CD | C267: 01-05 | D267: 500 | E267: LARGE_CD | F267: 01 | G267: 1 | H267: Y | I267: Y
A268: 1 | B268: MIDDLE_CD | C268: 01-06 | D268: 800 | E268: LARGE_CD | F268: 01 | G268: 1 | H268: Y | I268: Y
A269: 1 | B269: MIDDLE_CD | C269: 01-07 | D269: 2,000 | E269: LARGE_CD | F269: 01 | G269: 1 | H269: Y | I269: Y
A270: 1 | B270: MIDDLE_CD | C270: 01-08 | D270: 3,500 | E270: LARGE_CD | F270: 01 | G270: 1 | H270: Y | I270: Y
A271: 1 | B271: MIDDLE_CD | C271: 01-09 | D271: 6,000 | E271: LARGE_CD | F271: 01 | G271: 1 | H271: Y | I271: Y
A272: 1 | B272: MIDDLE_CD | C272: 01-10 | D272: 50,000 | E272: LARGE_CD | F272: 01 | G272: 1 | H272: Y | I272: Y
A273: 1 | B273: MIDDLE_CD | C273: 01-11 | D273: CANDY TOY | E273: LARGE_CD | F273: 01 | G273: 1 | H273: Y | I273: Y
A274: 1 | B274: MIDDLE_CD | C274: 01-12 | D274: W/O CANDY TOY | E274: LARGE_CD | F274: 01 | G274: 1 | H274: Y | I274: Y
... A523: 1 | B523: MIDDLE_CD | C523: 23-03 | D523: Sales Barcode | E523: LARGE_CD | F523: 23 | G523: 1 | H523: Y | I523: Y
A524: 1 | B524: MV_PROD_STS_CD | C524: 11 | D524: 예정 | G524: 1 | H524: Y | I524: Y
A525: 1 | B525: MV_PROD_STS_CD | C525: 33 | D525: 지정 | G525: 2 | H525: Y | I525: Y
A526: 1 | B526: MV_PROD_STS_CD | C526: 55 | D526: 처리중 | G526: 3 | H526: Y | I526: Y
A527: 1 | B527: MV_PROD_STS_CD | C527: 77 | D527: 확정 | G527: 4 | H527: Y | I527: Y
A528: 1 | B528: MV_STS_CD | C528: 11 | D528: 예정 | G528: 1 | H528: Y | I528: Y
A529: 1 | B529: MV_STS_CD | C529: 33 | D529: 지정 | G529: 2 | H529: Y | I529: Y
A530: 1 | B530: MV_STS_CD | C530: 55 | D530: 처리중 | G530: 3 | H530: Y | I530: Y
A531: 1 | B531: MV_STS_CD | C531: 77 | D531: 확정 | G531: 4 | H531: Y | I531: Y
A532: 1 | B532: MV_TYPE_CD | C532: IM01 | D532: 창고이동 | E532: INOUT_TYPE_CD | F532: IM | G532: 1 | H532: Y | I532: Y
A533: 1 | B533: MV_TYPE_CD | C533: IM03 | D533: 작업이동 | E533: INOUT_TYPE_CD | F533: IM | G533: 2 | H533: Y | I533: Y
A534: 1 | B534: MV_TYPE_CD | C534: IM05 | D534: 보충이동(출고) | E534: INOUT_TYPE_CD | F534: IM | G534: 3 | H534: Y | I534: Y
A535: 1 | B535: MV_TYPE_CD | C535: IM07 | D535: 보충이동(작업) | E535: INOUT_TYPE_CD | F535: IM | G535: 4 | H535: Y | I535: Y
A536: 1 | B536: ORDER_TYPE_CD | C536: R01 | D536: 본주문 | G536: 1 | H536: Y | I536: Y
A537: 1 | B537: ORDER_TYPE_CD | C537: R02 | D537: 사은품 | G537: 2 | H537: Y | I537: Y
A538: 1 | B538: ORIGIN_CD | C538: COD | D538: 콩고민주공화국 | G538: 1 | H538: Y | I538: Y
A539: 1 | B539: OUTBIZ_PROC_TYPE_CD | C539: C | D539: 용차 | G539: 1 | H539: Y | I539: Y
...

Sheet 그룹SQL
A1: =IF(ISBLANK('3.코드그룹'!H8), CONCATENATE(B1, '3.코드그룹'!A8, ",", "'", '3.코드그룹'!B8, "' ,'", '3.코드그룹'!C8,"', '", '3.코드그룹'!G8, "', ", "NULL", 그룹SQL!C1), CONCATENATE(B1, '3.코드그룹'!A8, ",", "'", '3.코드그룹'!B8, "' ,'", '3.코드그룹'!C8,"', '", '3.코드그룹'!G8, "', '", '3.코드그룹'!H8, "'", 그룹SQL!C1)) | B1: INSERT INTO SM_COMM_H (biz_seq, comm_h_cd, comm_h_nm, user_cd_yn, inout_cd, use_yn, reg_dt, reg_id) VALUES ( | C1: ,'Y', getDate(), 'administrator' );
A2: =IF(ISBLANK('3.코드그룹'!H9), CONCATENATE(B2, '3.코드그룹'!A9, ",", "'", '3.코드그룹'!B9, "' ,'", '3.코드그룹'!C9,"', '", '3.코드그룹'!G9, "', ", "NULL", 그룹SQL!C2), CONCATENATE(B2, '3.코드그룹'!A9, ",", "'", '3.코드그룹'!B9, "' ,'", '3.코드그룹'!C9,"', '", '3.코드그룹'!G9, "', '", '3.코드그룹'!H9, "'", 그룹SQL!C2)) | B2: INSERT INTO SM_COMM_H (biz_seq, comm_h_cd, comm_h_nm, user_cd_yn, inout_cd, use_yn, reg_dt, reg_id) VALUES ( | C2: ,'Y', getDate(), 'administrator' );
A3: =IF(ISBLANK('3.코드그룹'!H10), CONCATENATE(B3, '3.코드그룹'!A10, ",", "'", '3.코드그룹'!B10, "' ,'", '3.코드그룹'!C10,"', '", '3.코드그룹'!G10, "', ", "NULL", 그룹SQL!C3), CONCATENATE(B3, '3.코드그룹'!A10, ",", "'", '3.코드그룹'!B10, "' ,'", '3.코드그룹'!C10,"', '", '3.코드그룹'!G10, "', '", '3.코드그룹'!H10, "'", 그룹SQL!C3)) | B3: INSERT INTO SM_COMM_H (biz_seq, comm_h_cd, comm_h_nm, user_cd_yn, inout_cd, use_yn, reg_dt, reg_id) VALUES ( | C3: ,'Y', getDate(), 'administrator' );
A4: =IF(ISBLANK('3.코드그룹'!H11), CONCATENATE(B4, '3.코드그룹'!A11, ",", "'", '3.코드그룹'!B11, "' ,'", '3.코드그룹'!C11,"', '", '3.코드그룹'!G11, "', ", "NULL", 그룹SQL!C4), CONCATENATE(B4, '3.코드그룹'!A11, ",", "'", '3.코드그룹'!B11, "' ,'", '3.코드그룹'!C11,"', '", '3.코드그룹'!G11, "', '", '3.코드그룹'!H11, "'", 그룹SQL!C4)) | B4: INSERT INTO SM_COMM_H (biz_seq, comm_h_cd, comm_h_nm, user_cd_yn, inout_cd, use_yn, reg_dt, reg_id) VALUES ( | C4: ,'Y', getDate(), 'administrator' );
A5: =IF(ISBLANK('3.코드그룹'!H12), CONCATENATE(B5, '3.코드그룹'!A12, ",", "'", '3.코드그룹'!B12, "' ,'", '3.코드그룹'!C12,"', '", '3.코드그룹'!G12, "', ", "NULL", 그룹SQL!C5), CONCATENATE(B5, '3.코드그룹'!A12, ",", "'", '3.코드그룹'!B12, "' ,'", '3.코드그룹'!C12,"', '", '3.코드그룹'!G12, "', '", '3.코드그룹'!H12, "'", 그룹SQL!C5)) | B5: INSERT INTO SM_COMM_H (biz_seq, comm_h_cd, comm_h_nm, user_cd_yn, inout_cd, use_yn, reg_dt, reg_id) VALUES ( | C5: ,'Y', getDate(), 'administrator' );
A6: =IF(ISBLANK('3.코드그룹'!H13), CONCATENATE(B6, '3.코드그룹'!A13, ",", "'", '3.코드그룹'!B13, "' ,'", '3.코드그룹'!C13,"', '", '3.코드그룹'!G13, "', ", "NULL", 그룹SQL!C6), CONCATENATE(B6, '3.코드그룹'!A13, ",", "'", '3.코드그룹'!B13, "' ,'", '3.코드그룹'!C13,"', '", '3.코드그룹'!G13, "', '", '3.코드그룹'!H13, "'", 그룹SQL!C6)) | B6: INSERT INTO SM_COMM_H (biz_seq, comm_h_cd, comm_h_nm, user_cd_yn, inout_cd, use_yn, reg_dt, reg_id) VALUES ( | C6: ,'Y', getDate(), 'administrator' );
A7: =IF(ISBLANK('3.코드그룹'!H14), CONCATENATE(B7, '3.코드그룹'!A14, ",", "'", '3.코드그룹'!B14, "' ,'", '3.코드그룹'!C14,"', '", '3.코드그룹'!G14, "', ", "NULL", 그룹SQL!C7), CONCATENATE(B7, '3.코드그룹'!A14, ",", "'", '3.코드그룹'!B14, "' ,'", '3.코드그룹'!C14,"', '", '3.코드그룹'!G14, "', '", '3.코드그룹'!H14, "'", 그룹SQL!C7)) | B7: INSERT INTO SM_COMM_H (biz_seq, comm_h_cd, comm_h_nm, user_cd_yn, inout_cd, use_yn, reg_dt, reg_id) VALUES ( | C7: ,'Y', getDate(), 'administrator' );
A8: =IF(ISBLANK('3.코드그룹'!H15), CONCATENATE(B8, '3.코드그룹'!A15, ",", "'", '3.코드그룹'!B15, "' ,'", '3.코드그룹'!C15,"', '", '3.코드그룹'!G15, "', ", "NULL", 그룹SQL!C8), CONCATENATE(B8, '3.코드그룹'!A15, ",", "'", '3.코드그룹'!B15, "' ,'", '3.코드그룹'!C15,"', '", '3.코드그룹'!G15, "', '", '3.코드그룹'!H15, "'", 그룹SQL!C8)) | B8: INSERT INTO SM_COMM_H (biz_seq, comm_h_cd, comm_h_nm, user_cd_yn, inout_cd, use_yn, reg_dt, reg_id) VALUES ( | C8: ,'Y', getDate(), 'administrator' );
A9: =IF(ISBLANK('3.코드그룹'!H16), CONCATENATE(B9, '3.코드그룹'!A16, ",", "'", '3.코드그룹'!B16, "' ,'", '3.코드그룹'!C16,"', '", '3.코드그룹'!G16, "', ", "NULL", 그룹SQL!C9), CONCATENATE(B9, '3.코드그룹'!A16, ",", "'", '3.코드그룹'!B16, "' ,'", '3.코드그룹'!C16,"', '", '3.코드그룹'!G16, "', '", '3.코드그룹'!H16, "'", 그룹SQL!C9)) | B9: INSERT INTO SM_COMM_H (biz_seq, comm_h_cd, comm_h_nm, user_cd_yn, inout_cd, use_yn, reg_dt, reg_id) VALUES ( | C9: ,'Y', getDate(), 'administrator' );
A10: =IF(ISBLANK('3.코드그룹'!H17), CONCATENATE(B10, '3.코드그룹'!A17, ",", "'", '3.코드그룹'!B17, "' ,'", '3.코드그룹'!C17,"', '", '3.코드그룹'!G17, "', ", "NULL", 그룹SQL!C10), CONCATENATE(B10, '3.코드그룹'!A17, ",", "'", '3.코드그룹'!B17, "' ,'", '3.코드그룹'!C17,"', '", '3.코드그룹'!G17, "', '", '3.코드그룹'!H17, "'", 그룹SQL!C10)) | B10: INSERT INTO SM_COMM_H (biz_seq, comm_h_cd, comm_h_nm, user_cd_yn, inout_cd, use_yn, reg_dt, reg_id) VALUES ( | C10: ,'Y', getDate(), 'administrator' );
A11: =IF(ISBLANK('3.코드그룹'!H18), CONCATENATE(B11, '3.코드그룹'!A18, ",", "'", '3.코드그룹'!B18, "' ,'", '3.코드그룹'!C18,"', '", '3.코드그룹'!G18, "', ", "NULL", 그룹SQL!C11), CONCATENATE(B11, '3.코드그룹'!A18, ",", "'", '3.코드그룹'!B18, "' ,'", '3.코드그룹'!C18,"', '", '3.코드그룹'!G18, "', '", '3.코드그룹'!H18, "'", 그룹SQL!C11)) | B11: INSERT INTO SM_COMM_H (biz_seq, comm_h_cd, comm_h_nm, user_cd_yn, inout_cd, use_yn, reg_dt, reg_id) VALUES ( | C11: ,'Y', getDate(), 'administrator' );
A12: =IF(ISBLANK('3.코드그룹'!H19), CONCATENATE(B12, '3.코드그룹'!A19, ",", "'", '3.코드그룹'!B19, "' ,'", '3.코드그룹'!C19,"', '", '3.코드그룹'!G19, "', ", "NULL", 그룹SQL!C12), CONCATENATE(B12, '3.코드그룹'!A19, ",", "'", '3.코드그룹'!B19, "' ,'", '3.코드그룹'!C19,"', '", '3.코드그룹'!G19, "', '", '3.코드그룹'!H19, "'", 그룹SQL!C12)) | B12: INSERT INTO SM_COMM_H (biz_seq, comm_h_cd, comm_h_nm, user_cd_yn, inout_cd, use_yn, reg_dt, reg_id) VALUES ( | C12: ,'Y', getDate(), 'administrator' );
... A93: =IF(ISBLANK('3.코드그룹'!H100), CONCATENATE(B93, '3.코드그룹'!A100, ",", "'", '3.코드그룹'!B100, "' ,'", '3.코드그룹'!C100,"', '", '3.코드그룹'!G100, "', ", "NULL", 그룹SQL!C93), CONCATENATE(B93, '3.코드그룹'!A100, ",", "'", '3.코드그룹'!B100, "' ,'", '3.코드그룹'!C100,"', '", '3.코드그룹'!G100, "', '", '3.코드그룹'!H100, "'", 그룹SQL!C93)) | B93: INSERT INTO SM_COMM_H (biz_seq, comm_h_cd, comm_h_nm, user_cd_yn, inout_cd, use_yn, reg_dt, reg_id) VALUES ( | C93: ,'Y', getDate(), 'administrator' );

Sheet 상세SQL
A1: =CONCATENATE(B1, '4.상세코드'!A4, ", '", '4.상세코드'!B4, "', '", '4.상세코드'!C4, "', '", '4.상세코드'!D4, "',", IF(ISBLANK('4.상세코드'!E4), "NULL", CONCATENATE("'", '4.상세코드'!E4, "'")), ",", IF(ISBLANK('4.상세코드'!F4), "NULL", CONCATENATE("'", '4.상세코드'!F4, "'")), ",", '4.상세코드'!G4, ", '", '4.상세코드'!H4, "', '", '4.상세코드'!I4, "'", 상세SQL!C1) | B1: INSERT INTO SM_COMM_D (biz_seq, comm_h_cd, comm_d_cd, comm_d_nm, ref_h_cd, ref_d_cd, disp_no, disp_yn, use_yn, reg_id, reg_dt) VALUES ( | C1: , 'administrator', getDate());
A2: =CONCATENATE(B2, '4.상세코드'!A5, ", '", '4.상세코드'!B5, "', '", '4.상세코드'!C5, "', '", '4.상세코드'!D5, "',", IF(ISBLANK('4.상세코드'!E5), "NULL", CONCATENATE("'", '4.상세코드'!E5, "'")), ",", IF(ISBLANK('4.상세코드'!F5), "NULL", CONCATENATE("'", '4.상세코드'!F5, "'")), ",", '4.상세코드'!G5, ", '", '4.상세코드'!H5, "', '", '4.상세코드'!I5, "'", 상세SQL!C2) | B2: INSERT INTO SM_COMM_D (biz_seq, comm_h_cd, comm_d_cd, comm_d_nm, ref_h_cd, ref_d_cd, disp_no, disp_yn, use_yn, reg_id, reg_dt) VALUES ( | C2: , 'administrator', getDate());
A3: =CONCATENATE(B3, '4.상세코드'!A6, ", '", '4.상세코드'!B6, "', '", '4.상세코드'!C6, "', '", '4.상세코드'!D6, "',", IF(ISBLANK('4.상세코드'!E6), "NULL", CONCATENATE("'", '4.상세코드'!E6, "'")), ",", IF(ISBLANK('4.상세코드'!F6), "NULL", CONCATENATE("'", '4.상세코드'!F6, "'")), ",", '4.상세코드'!G6, ", '", '4.상세코드'!H6, "', '", '4.상세코드'!I6, "'", 상세SQL!C3) | B3: INSERT INTO SM_COMM_D (biz_seq, comm_h_cd, comm_d_cd, comm_d_nm, ref_h_cd, ref_d_cd, disp_no, disp_yn, use_yn, reg_id, reg_dt) VALUES ( | C3: , 'administrator', getDate());
A4: =CONCATENATE(B4, '4.상세코드'!A7, ", '", '4.상세코드'!B7, "', '", '4.상세코드'!C7, "', '", '4.상세코드'!D7, "',", IF(ISBLANK('4.상세코드'!E7), "NULL", CONCATENATE("'", '4.상세코드'!E7, "'")), ",", IF(ISBLANK('4.상세코드'!F7), "NULL", CONCATENATE("'", '4.상세코드'!F7, "'")), ",", '4.상세코드'!G7, ", '", '4.상세코드'!H7, "', '", '4.상세코드'!I7, "'", 상세SQL!C4) | B4: INSERT INTO SM_COMM_D (biz_seq, comm_h_cd, comm_d_cd, comm_d_nm, ref_h_cd, ref_d_cd, disp_no, disp_yn, use_yn, reg_id, reg_dt) VALUES ( | C4: , 'administrator', getDate());
A5: =CONCATENATE(B5, '4.상세코드'!A8, ", '", '4.상세코드'!B8, "', '", '4.상세코드'!C8, "', '", '4.상세코드'!D8, "',", IF(ISBLANK('4.상세코드'!E8), "NULL", CONCATENATE("'", '4.상세코드'!E8, "'")), ",", IF(ISBLANK('4.상세코드'!F8), "NULL", CONCATENATE("'", '4.상세코드'!F8, "'")), ",", '4.상세코드'!G8, ", '", '4.상세코드'!H8, "', '", '4.상세코드'!I8, "'", 상세SQL!C5) | B5: INSERT INTO SM_COMM_D (biz_seq, comm_h_cd, comm_d_cd, comm_d_nm, ref_h_cd, ref_d_cd, disp_no, disp_yn, use_yn, reg_id, reg_dt) VALUES ( | C5: , 'administrator', getDate());
A6: =CONCATENATE(B6, '4.상세코드'!A9, ", '", '4.상세코드'!B9, "', '", '4.상세코드'!C9, "', '", '4.상세코드'!D9, "',", IF(ISBLANK('4.상세코드'!E9), "NULL", CONCATENATE("'", '4.상세코드'!E9, "'")), ",", IF(ISBLANK('4.상세코드'!F9), "NULL", CONCATENATE("'", '4.상세코드'!F9, "'")), ",", '4.상세코드'!G9, ", '", '4.상세코드'!H9, "', '", '4.상세코드'!I9, "'", 상세SQL!C6) | B6: INSERT INTO SM_COMM_D (biz_seq, comm_h_cd, comm_d_cd, comm_d_nm, ref_h_cd, ref_d_cd, disp_no, disp_yn, use_yn, reg_id, reg_dt) VALUES ( | C6: , 'administrator', getDate());
A7: =CONCATENATE(B7, '4.상세코드'!A10, ", '", '4.상세코드'!B10, "', '", '4.상세코드'!C10, "', '", '4.상세코드'!D10, "',", IF(ISBLANK('4.상세코드'!E10), "NULL", CONCATENATE("'", '4.상세코드'!E10, "'")), ",", IF(ISBLANK('4.상세코드'!F10), "NULL", CONCATENATE("'", '4.상세코드'!F10, "'")), ",", '4.상세코드'!G10, ", '", '4.상세코드'!H10, "', '", '4.상세코드'!I10, "'", 상세SQL!C7) | B7: INSERT INTO SM_COMM_D (biz_seq, comm_h_cd, comm_d_cd, comm_d_nm, ref_h_cd, ref_d_cd, disp_no, disp_yn, use_yn, reg_id, reg_dt) VALUES ( | C7: , 'administrator', getDate());
A8: =CONCATENATE(B8, '4.상세코드'!A11, ", '", '4.상세코드'!B11, "', '", '4.상세코드'!C11, "', '", '4.상세코드'!D11, "',", IF(ISBLANK('4.상세코드'!E11), "NULL", CONCATENATE("'", '4.상세코드'!E11, "'")), ",", IF(ISBLANK('4.상세코드'!F11), "NULL", CONCATENATE("'", '4.상세코드'!F11, "'")), ",", '4.상세코드'!G11, ", '", '4.상세코드'!H11, "', '", '4.상세코드'!I11, "'", 상세SQL!C8) | B8: INSERT INTO SM_COMM_D (biz_seq, comm_h_cd, comm_d_cd, comm_d_nm, ref_h_cd, ref_d_cd, disp_no, disp_yn, use_yn, reg_id, reg_dt) VALUES ( | C8: , 'administrator', getDate());
A9: =CONCATENATE(B9, '4.상세코드'!A12, ", '", '4.상세코드'!B12, "', '", '4.상세코드'!C12, "', '", '4.상세코드'!D12, "',", IF(ISBLANK('4.상세코드'!E12), "NULL", CONCATENATE("'", '4.상세코드'!E12, "'")), ",", IF(ISBLANK('4.상세코드'!F12), "NULL", CONCATENATE("'", '4.상세코드'!F12, "'")), ",", '4.상세코드'!G12, ", '", '4.상세코드'!H12, "', '", '4.상세코드'!I12, "'", 상세SQL!C9) | B9: INSERT INTO SM_COMM_D (biz_seq, comm_h_cd, comm_d_cd, comm_d_nm, ref_h_cd, ref_d_cd, disp_no, disp_yn, use_yn, reg_id, reg_dt) VALUES ( | C9: , 'administrator', getDate());
A10: =CONCATENATE(B10, '4.상세코드'!A13, ", '", '4.상세코드'!B13, "', '", '4.상세코드'!C13, "', '", '4.상세코드'!D13, "',", IF(ISBLANK('4.상세코드'!E13), "NULL", CONCATENATE("'", '4.상세코드'!E13, "'")), ",", IF(ISBLANK('4.상세코드'!F13), "NULL", CONCATENATE("'", '4.상세코드'!F13, "'")), ",", '4.상세코드'!G13, ", '", '4.상세코드'!H13, "', '", '4.상세코드'!I13, "'", 상세SQL!C10) | B10: INSERT INTO SM_COMM_D (biz_seq, comm_h_cd, comm_d_cd, comm_d_nm, ref_h_cd, ref_d_cd, disp_no, disp_yn, use_yn, reg_id, reg_dt) VALUES ( | C10: , 'administrator', getDate());
A11: =CONCATENATE(B11, '4.상세코드'!A14, ", '", '4.상세코드'!B14, "', '", '4.상세코드'!C14, "', '", '4.상세코드'!D14, "',", IF(ISBLANK('4.상세코드'!E14), "NULL", CONCATENATE("'", '4.상세코드'!E14, "'")), ",", IF(ISBLANK('4.상세코드'!F14), "NULL", CONCATENATE("'", '4.상세코드'!F14, "'")), ",", '4.상세코드'!G14, ", '", '4.상세코드'!H14, "', '", '4.상세코드'!I14, "'", 상세SQL!C11) | B11: INSERT INTO SM_COMM_D (biz_seq, comm_h_cd, comm_d_cd, comm_d_nm, ref_h_cd, ref_d_cd, disp_no, disp_yn, use_yn, reg_id, reg_dt) VALUES ( | C11: , 'administrator', getDate());
A12: =CONCATENATE(B12, '4.상세코드'!A15, ", '", '4.상세코드'!B15, "', '", '4.상세코드'!C15, "', '", '4.상세코드'!D15, "',", IF(ISBLANK('4.상세코드'!E15), "NULL", CONCATENATE("'", '4.상세코드'!E15, "'")), ",", IF(ISBLANK('4.상세코드'!F15), "NULL", CONCATENATE("'", '4.상세코드'!F15, "'")), ",", '4.상세코드'!G15, ", '", '4.상세코드'!H15, "', '", '4.상세코드'!I15, "'", 상세SQL!C12) | B12: INSERT INTO SM_COMM_D (biz_seq, comm_h_cd, comm_d_cd, comm_d_nm, ref_h_cd, ref_d_cd, disp_no, disp_yn, use_yn, reg_id, reg_dt) VALUES ( | C12: , 'administrator', getDate());
... A4331: =CONCATENATE(B4331, '4.상세코드'!A4334, ", '", '4.상세코드'!B4334, "', '", '4.상세코드'!C4334, "', '", '4.상세코드'!D4334, "',", IF(ISBLANK('4.상세코드'!E4334), "NULL", CONCATENATE("'", '4.상세코드'!E4334, "'")), ",", IF(ISBLANK('4.상세코드'!F4334), "NULL", CONCATENATE("'", '4.상세코드'!F4334, "'")), ",", '4.상세코드'!G4334, ", '", '4.상세코드'!H4334, "', '", '4.상세코드'!I4334, "'", 상세SQL!C4331) | B4331: INSERT INTO SM_COMM_D (biz_seq, comm_h_cd, comm_d_cd, comm_d_nm, ref_h_cd, ref_d_cd, disp_no, disp_yn, use_yn, reg_id, reg_dt) VALUES ( | C4331: , 'administrator', getDate());
